{
  "format_version": 1,
  "scene": {
    "size": 1.0,
    "start": [
      0.6205262848428796,
      0.29741230811220587
    ],
    "goal": [
      0.09605670106385132,
      0.0745443192651056
    ],
    "obstacles": [
      {
        "x": 0.5740008677934183,
        "y": 0.6592612286658864,
        "radius": 0.15302044618221775
      },
      {
        "x": 0.8276182371547707,
        "y": 0.7378440437559044,
        "radius": 0.12348999931723384
      },
      {
        "x": 0.8000629920659987,
        "y": 0.10841624741361174,
        "radius": 0.08021908001361185
      }
    ]
  }
}